[
  {
    "team": "Creative Division",
    "initial": "CD",
    "members": "12",
    "hasAvatar": true,
    "avatar": "team2.png",
    "color": "indigo",
    "subject": "Our trip to Montreal",
    "snippet": "Hi Guys, minus, aliquam porro repudiandae numquam. Molestias.",
    "time": "16 minutes ago",
    "badge": 2,
    "isRead": false,
    "isStar": false
  },
  {
    "team": "Gold Dex",
    "initial": "GD",
    "members": "9",
    "hasAvatar": false,
    "color": "teal",
    "subject": "We are subscribed to local deals in Amsterdam",
    "snippet": "Anyone please confirm this info, eligendi, quam possimus aliquid iste repellendus.",
    "time": "53 minutes ago",
    "badge": 1,
    "isRead": false,
    "isStar": false
  },
  {
    "team": "Stilearning",
    "initial": "S",
    "members": "17",
    "hasAvatar": true,
    "avatar": "team1.jpg",
    "color": "purple",
    "subject": "Invitation: Joe's Dinner @ Fri Aug 22",
    "snippet": "Sorry, I can't aspernatur debitis explicabo expedita eos, consequatur.",
    "time": "2 hours ago",
    "badge": 4,
    "isRead": false,
    "isStar": true
  },
  {
    "team": "Openlane",
    "initial": "O",
    "members": "21",
    "hasAvatar": true,
    "avatar": "team3.png",
    "color": "orange",
    "subject": "Final reminder: Upgrade to Pro",
    "snippet": "Follow up this reminder asap,  quam error praesentium asperiores a quidem.",
    "time": "23 hours ago",
    "badge": false,
    "isRead": true,
    "isStar": false
  },
  {
    "team": "Gogo Zoom",
    "initial": "GZ",
    "members": "8",
    "hasAvatar": false,
    "color": "green",
    "subject": "Live healthy with this wireless sensor.",
    "snippet": "Hi all, eveniet magnam fugiat odio nemo vero!",
    "time": "1 day ago",
    "badge": false,
    "isRead": true,
    "isStar": false
  },
  {
    "team": "Gold Dex",
    "initial": "GD",
    "members": "4",
    "hasAvatar": false,
    "color": "teal",
    "subject": "Invitation: Design Review @ Mon Jul 7",
    "snippet": "I think we need to nostrum minus voluptates non veritatis facere.",
    "time": "1 day ago",
    "badge": false,
    "isRead": true,
    "isStar": true
  },
  {
    "team": "Creative Division",
    "initial": "CD",
    "members": "15",
    "hasAvatar": true,
    "avatar": "team2.png",
    "color": "indigo",
    "subject": "Need some feedback on this please",
    "snippet": "Yeah, I know we have libero dicta aspernatur nostrum doloremque natus.",
    "time": "2 days ago",
    "badge": false,
    "isRead": true,
    "isStar": true
  },
  {
    "team": "Lab Drill",
    "initial": "LD",
    "members": "6",
    "hasAvatar": false,
    "color": "pink",
    "subject": "Our UX exercise is ready",
    "snippet": "Dear All, consequatur, perspiciatis vitae! Ullam, architecto porro.",
    "time": "6 days ago",
    "badge": false,
    "isRead": true,
    "isStar": false
  },
  {
    "team": "Codehow",
    "initial": "C",
    "members": "32",
    "hasAvatar": false,
    "color": "red",
    "subject": "Digital VS. Education",
    "snippet": "Hi Guys,  aliquam, dolore at corrupti natus commodi!",
    "time": "1 week ago",
    "badge": false,
    "isRead": true,
    "isStar": true
  },
  {
    "team": "Creative Division",
    "initial": "CD",
    "members": "3",
    "hasAvatar": true,
    "avatar": "team2.png",
    "color": "indigo",
    "subject": "Work Inquiry from Poland",
    "snippet": "Dear Team,  exercitationem, eligendi. At voluptates reiciendis blanditiis!",
    "time": "Feb 02",
    "badge": false,
    "isRead": true,
    "isStar": false
  }
]
