[
  {
    "name": "Looper Admin Theme",
    "desc": "Consectetur cumque sit incidunt error aperiam quaerat, provident ab perspiciatis, aliquid quo.",
    "team": "team4.jpg",
    "initial": "LT",
    "color": "purple",
    "lastUpdate": "1d",
    "deadline": "07 Aug 2018",
    "budget": "40,000",
    "members": "21",
    "tasks": 2956,
    "completed": 2181,
    "hoursSpent": "26:12",
    "finished": false,
    "start": "01/25/2018",
    "due": "06/07/2018"
  },
  {
    "name": "Smart Paper",
    "desc": "Consectetur cumque sit incidunt error aperiam quaerat, provident ab perspiciatis, aliquid quo.",
    "team": "team1.jpg",
    "initial": "SP",
    "color": "indigo",
    "lastUpdate": "2h",
    "deadline": "15 Sep 2018",
    "budget": "10,000",
    "members": "6",
    "tasks": 3957,
    "completed": 867,
    "hoursSpent": "20:39",
    "finished": false,
    "start": "05/15/2018",
    "due": "09/15/2018"
  },
  {
    "name": "Online Store",
    "desc": "Consectetur cumque sit incidunt error aperiam quaerat, provident ab perspiciatis, aliquid quo.",
    "team": "team2.png",
    "initial": "OS",
    "color": "yellow",
    "lastUpdate": "2d",
    "deadline": "15 Jul 2018",
    "budget": "100,000",
    "members": "42",
    "tasks": 6783,
    "completed": 6683,
    "hoursSpent": "20:39",
    "finished": false,
    "start": "04/11/2018",
    "due": "06/15/2018"
  },
  {
    "name": "Booking App",
    "desc": "Consectetur cumque sit incidunt error aperiam quaerat, provident ab perspiciatis, aliquid quo.",
    "team": "bootstrap.svg",
    "initial": "BA",
    "color": "blue",
    "lastUpdate": "4h",
    "deadline": "20 Sep 2018",
    "budget": "5,000",
    "members": "8",
    "tasks": 321,
    "completed": 112,
    "hoursSpent": "35:28",
    "finished": false,
    "start": "01/19/2015",
    "due": "09/20/2015"
  },
  {
    "name": "SVG Icon Bundle",
    "desc": "Consectetur cumque sit incidunt error aperiam quaerat, provident ab perspiciatis, aliquid quo.",
    "team": "sketch.svg",
    "initial": "SB",
    "color": "teal",
    "lastUpdate": "1d",
    "deadline": "15 Nov 2018",
    "budget": "6,000",
    "members": "8",
    "tasks": 1419,
    "completed": 461,
    "hoursSpent": "20:39",
    "finished": false,
    "start": "09/11/2018",
    "due": "11/15/2018"
  },
  {
    "name": "Syrena Project",
    "desc": "Consectetur cumque sit incidunt error aperiam quaerat, provident ab perspiciatis, aliquid quo.",
    "team": "team4.jpg",
    "initial": "SP",
    "color": "pink",
    "lastUpdate": "8h",
    "deadline": "18 Aug 2018",
    "budget": "50,000",
    "members": "32",
    "tasks": 4295,
    "completed": 3981,
    "hoursSpent": "35:28",
    "finished": false,
    "start": "04/10/2018",
    "due": "08/18/2018"
  },
  {
    "name": "Mobile App Gex",
    "desc": "Consectetur cumque sit incidunt error aperiam quaerat, provident ab perspiciatis, aliquid quo.",
    "team": "team2.png",
    "initial": "MG",
    "color": "green",
    "lastUpdate": "1m",
    "deadline": "03 Aug 2018",
    "budget": "40,000",
    "members": "26",
    "tasks": 3271,
    "completed": 3271,
    "hoursSpent": "35:10",
    "finished": true,
    "start": "06/12/2018",
    "due": "07/03/2018"
  },
  {
    "name": "Landing Page Booster",
    "desc": "Consectetur cumque sit incidunt error aperiam quaerat, provident ab perspiciatis, aliquid quo.",
    "team": "bootstrap.svg",
    "initial": "LB",
    "color": "red",
    "lastUpdate": "1w",
    "deadline": "24 Nov 2018",
    "budget": "1,000",
    "members": "2",
    "tasks": 564,
    "completed": 564,
    "hoursSpent": "21:21",
    "finished": true,
    "start": "09/29/2018",
    "due": "11/24/2018"
  },
  {
    "name": "Stilearn Branding",
    "desc": "Consectetur cumque sit incidunt error aperiam quaerat, provident ab perspiciatis, aliquid quo.",
    "team": "team1.jpg",
    "initial": "SB",
    "color": "orange",
    "lastUpdate": "2m",
    "deadline": "28 Apr 2017",
    "budget": "20,000",
    "members": "12",
    "tasks": 821,
    "completed": 821,
    "hoursSpent": "10:45",
    "finished": true,
    "start": "02/26/2018",
    "due": "04/28/2018"
  }
]
